{
  "baseline_eval": "/mnt/data1/srchowd3/MAYO_AIM2/results/eval_baselines_v3/20260226_062742/eval_qwen3_30b_a3b_few_shot.json",
  "batch_evals": [
    "/mnt/data1/srchowd3/MAYO_AIM2/method/batch_qwen3_30b/batch_1/batch_1.eval.json",
    "/mnt/data1/srchowd3/MAYO_AIM2/method/batch_qwen3_30b/batch_2/batch_2.eval.json",
    "/mnt/data1/srchowd3/MAYO_AIM2/method/batch_qwen3_30b/batch_3/batch_3.eval.json"
  ],
  "id_source": "pred_nonempty",
  "results": [
    {
      "batch": "batch_1.eval",
      "question_set_source": "pred_nonempty",
      "counts": {
        "batch_scope_ids_raw": 500,
        "batch_scope_ids": 500,
        "common_ids": 500,
        "missing_in_fewshot": 0,
        "deduped_scope_ids": 0
      },
      "exact_head_to_head": {
        "both_true": 90,
        "batch_only_true": 172,
        "fewshot_only_true": 27,
        "both_false": 211
      },
      "metrics": {
        "exact_exec_match": {
          "batch": 0.524,
          "fewshot": 0.234,
          "delta_batch_minus_fewshot": 0.29000000000000004
        },
        "pred_exec_ok": {
          "batch": 1.0,
          "fewshot": 1.0,
          "delta_batch_minus_fewshot": 0.0
        },
        "sql_ast_similarity": {
          "batch": 0.9042132147313006,
          "fewshot": 0.8414516363483124,
          "delta_batch_minus_fewshot": 0.06276157838298813
        },
        "precision": {
          "batch": 0.6619099654280904,
          "fewshot": 0.6347131090450032,
          "delta_batch_minus_fewshot": 0.02719685638308722
        },
        "recall": {
          "batch": 0.6797079620347164,
          "fewshot": 0.6573492863457344,
          "delta_batch_minus_fewshot": 0.022358675688981977
        },
        "f1": {
          "batch": 0.6620382278896522,
          "fewshot": 0.6301414105952928,
          "delta_batch_minus_fewshot": 0.031896817294359336
        },
        "row_jaccard": {
          "batch": 0.640364676730788,
          "fewshot": 0.5627359841555661,
          "delta_batch_minus_fewshot": 0.07762869257522187
        },
        "column_alignment_score": {
          "batch": 0.874897557997558,
          "fewshot": 0.8115908647119561,
          "delta_batch_minus_fewshot": 0.0633066932856019
        },
        "chrf": {
          "batch": 94.17902309858661,
          "fewshot": 82.72925014145856,
          "delta_batch_minus_fewshot": 11.449772957128047
        },
        "rouge_l_f1": {
          "batch": 0.9424973665484299,
          "fewshot": 0.8605268966049542,
          "delta_batch_minus_fewshot": 0.08197046994347568
        }
      },
      "sample_common_ids": [
        "line_1",
        "line_2",
        "line_3",
        "line_4",
        "line_5",
        "line_6",
        "line_7",
        "line_8",
        "line_9",
        "line_10"
      ]
    },
    {
      "batch": "batch_2.eval",
      "question_set_source": "pred_nonempty",
      "counts": {
        "batch_scope_ids_raw": 500,
        "batch_scope_ids": 500,
        "common_ids": 500,
        "missing_in_fewshot": 0,
        "deduped_scope_ids": 0
      },
      "exact_head_to_head": {
        "both_true": 98,
        "batch_only_true": 71,
        "fewshot_only_true": 29,
        "both_false": 302
      },
      "metrics": {
        "exact_exec_match": {
          "batch": 0.338,
          "fewshot": 0.254,
          "delta_batch_minus_fewshot": 0.08400000000000002
        },
        "pred_exec_ok": {
          "batch": 1.0,
          "fewshot": 1.0,
          "delta_batch_minus_fewshot": 0.0
        },
        "sql_ast_similarity": {
          "batch": 0.8415386887756082,
          "fewshot": 0.7798334271990774,
          "delta_batch_minus_fewshot": 0.06170526157653078
        },
        "precision": {
          "batch": 0.5590679080015845,
          "fewshot": 0.5300910837483142,
          "delta_batch_minus_fewshot": 0.028976824253270306
        },
        "recall": {
          "batch": 0.4960573137999238,
          "fewshot": 0.46516098414415036,
          "delta_batch_minus_fewshot": 0.030896329655773436
        },
        "f1": {
          "batch": 0.494371212897799,
          "fewshot": 0.455541840768719,
          "delta_batch_minus_fewshot": 0.03882937212908
        },
        "row_jaccard": {
          "batch": 0.4603723769339852,
          "fewshot": 0.40815002270331413,
          "delta_batch_minus_fewshot": 0.052222354230671064
        },
        "column_alignment_score": {
          "batch": 0.8152189291833754,
          "fewshot": 0.7634422300688664,
          "delta_batch_minus_fewshot": 0.051776699114508995
        },
        "chrf": {
          "batch": 90.26387778240226,
          "fewshot": 83.51489599292485,
          "delta_batch_minus_fewshot": 6.748981789477412
        },
        "rouge_l_f1": {
          "batch": 0.9050535787930024,
          "fewshot": 0.8553387112976811,
          "delta_batch_minus_fewshot": 0.04971486749532128
        }
      },
      "sample_common_ids": [
        "line_100_var_drop_select_column_192",
        "line_100_var_drop_where_condition_32",
        "line_100_var_keep_one_where_condition_80",
        "line_101_var_drop_where_condition_156",
        "line_102_var_drop_select_column_32",
        "line_102_var_keep_two_select_columns_163",
        "line_103_var_drop_select_column_204",
        "line_103_var_drop_select_column_64",
        "line_103_var_keep_one_where_condition_63",
        "line_103_var_keep_two_select_columns_161"
      ]
    },
    {
      "batch": "batch_3.eval",
      "question_set_source": "pred_nonempty",
      "counts": {
        "batch_scope_ids_raw": 500,
        "batch_scope_ids": 500,
        "common_ids": 500,
        "missing_in_fewshot": 0,
        "deduped_scope_ids": 0
      },
      "exact_head_to_head": {
        "both_true": 108,
        "batch_only_true": 75,
        "fewshot_only_true": 32,
        "both_false": 285
      },
      "metrics": {
        "exact_exec_match": {
          "batch": 0.366,
          "fewshot": 0.28,
          "delta_batch_minus_fewshot": 0.08599999999999997
        },
        "pred_exec_ok": {
          "batch": 1.0,
          "fewshot": 1.0,
          "delta_batch_minus_fewshot": 0.0
        },
        "sql_ast_similarity": {
          "batch": 0.8449940180043625,
          "fewshot": 0.7917771498347175,
          "delta_batch_minus_fewshot": 0.05321686816964499
        },
        "precision": {
          "batch": 0.5705945435737102,
          "fewshot": 0.5571471679137951,
          "delta_batch_minus_fewshot": 0.01344737565991505
        },
        "recall": {
          "batch": 0.5124599027385357,
          "fewshot": 0.5095203505060404,
          "delta_batch_minus_fewshot": 0.0029395522324953127
        },
        "f1": {
          "batch": 0.510651194996051,
          "fewshot": 0.50301122793603,
          "delta_batch_minus_fewshot": 0.0076399670600210134
        },
        "row_jaccard": {
          "batch": 0.4788116637859558,
          "fewshot": 0.45443035439705803,
          "delta_batch_minus_fewshot": 0.024381309388897765
        },
        "column_alignment_score": {
          "batch": 0.8142525177194707,
          "fewshot": 0.7662431228880168,
          "delta_batch_minus_fewshot": 0.048009394831453944
        },
        "chrf": {
          "batch": 91.30546504567481,
          "fewshot": 82.89845299407988,
          "delta_batch_minus_fewshot": 8.407012051594933
        },
        "rouge_l_f1": {
          "batch": 0.9221287407575746,
          "fewshot": 0.8577286144668522,
          "delta_batch_minus_fewshot": 0.06440012629072234
        }
      },