{
  "baseline_eval": "/mnt/data1/srchowd3/MAYO_AIM2/results/eval_baselines_v3/20260226_062742/eval_qwen3_30b_a3b_zero_shot.json",
  "batch_evals": [
    "/mnt/data1/srchowd3/MAYO_AIM2/method/batch_qwen3_30b/batch_1/batch_1.eval.json",
    "/mnt/data1/srchowd3/MAYO_AIM2/method/batch_qwen3_30b/batch_2/batch_2.eval.json",
    "/mnt/data1/srchowd3/MAYO_AIM2/method/batch_qwen3_30b/batch_3/batch_3.eval.json"
  ],
  "id_source": "pred_nonempty",
  "results": [
    {
      "batch": "batch_1.eval",
      "question_set_source": "pred_nonempty",
      "counts": {
        "batch_scope_ids_raw": 500,
        "batch_scope_ids": 500,
        "common_ids": 500,
        "missing_in_fewshot": 0,
        "deduped_scope_ids": 0
      },
      "exact_head_to_head": {
        "both_true": 99,
        "batch_only_true": 163,
        "fewshot_only_true": 48,
        "both_false": 190
      },
      "metrics": {
        "exact_exec_match": {
          "batch": 0.524,
          "fewshot": 0.294,
          "delta_batch_minus_fewshot": 0.23000000000000004
        },
        "pred_exec_ok": {
          "batch": 1.0,
          "fewshot": 1.0,
          "delta_batch_minus_fewshot": 0.0
        },
        "sql_ast_similarity": {
          "batch": 0.9042132147313006,
          "fewshot": 0.7410265094024991,
          "delta_batch_minus_fewshot": 0.16318670532880142
        },
        "precision": {
          "batch": 0.6619099654280904,
          "fewshot": 0.5612547322674861,
          "delta_batch_minus_fewshot": 0.10065523316060432
        },
        "recall": {
          "batch": 0.6797079620347164,
          "fewshot": 0.581160481452449,
          "delta_batch_minus_fewshot": 0.09854748058226737
        },
        "f1": {
          "batch": 0.6620382278896522,
          "fewshot": 0.5541237689412125,
          "delta_batch_minus_fewshot": 0.10791445894843965
        },
        "row_jaccard": {
          "batch": 0.640364676730788,
          "fewshot": 0.4959767253388279,
          "delta_batch_minus_fewshot": 0.1443879513919601
        },
        "column_alignment_score": {
          "batch": 0.874897557997558,
          "fewshot": 0.7886260095028665,
          "delta_batch_minus_fewshot": 0.08627154849469143
        },
        "chrf": {
          "batch": 94.17902309858661,
          "fewshot": 82.58254266727312,
          "delta_batch_minus_fewshot": 11.596480431313495
        },
        "rouge_l_f1": {
          "batch": 0.9424973665484299,
          "fewshot": 0.8236179925848309,
          "delta_batch_minus_fewshot": 0.11887937396359893
        }
      },
      "sample_common_ids": [
        "line_1",
        "line_2",
        "line_3",
        "line_4",
        "line_5",
        "line_6",
        "line_7",
        "line_8",
        "line_9",
        "line_10"
      ]
    },
    {
      "batch": "batch_2.eval",
      "question_set_source": "pred_nonempty",
      "counts": {
        "batch_scope_ids_raw": 500,
        "batch_scope_ids": 500,
        "common_ids": 500,
        "missing_in_fewshot": 0,
        "deduped_scope_ids": 0
      },
      "exact_head_to_head": {
        "both_true": 93,
        "batch_only_true": 76,
        "fewshot_only_true": 38,
        "both_false": 293
      },
      "metrics": {
        "exact_exec_match": {
          "batch": 0.338,
          "fewshot": 0.262,
          "delta_batch_minus_fewshot": 0.07600000000000001
        },
        "pred_exec_ok": {
          "batch": 1.0,
          "fewshot": 0.998,
          "delta_batch_minus_fewshot": 0.0020000000000000018
        },
        "sql_ast_similarity": {
          "batch": 0.8415386887756082,
          "fewshot": 0.7132386781598861,
          "delta_batch_minus_fewshot": 0.12830001061572216
        },
        "precision": {
          "batch": 0.5590679080015845,
          "fewshot": 0.49221402571634715,
          "delta_batch_minus_fewshot": 0.06685388228523731
        },
        "recall": {
          "batch": 0.4960573137999238,
          "fewshot": 0.424968073419841,
          "delta_batch_minus_fewshot": 0.0710892403800828
        },
        "f1": {
          "batch": 0.494371212897799,
          "fewshot": 0.42236277092254115,
          "delta_batch_minus_fewshot": 0.07200844197525785
        },
        "row_jaccard": {
          "batch": 0.4603723769339852,
          "fewshot": 0.3799196203175373,
          "delta_batch_minus_fewshot": 0.0804527566164479
        },
        "column_alignment_score": {
          "batch": 0.8152189291833754,
          "fewshot": 0.7499312850702491,
          "delta_batch_minus_fewshot": 0.06528764411312626
        },
        "chrf": {
          "batch": 90.26387778240226,
          "fewshot": 82.22946361288045,
          "delta_batch_minus_fewshot": 8.03441416952181
        },
        "rouge_l_f1": {
          "batch": 0.9050535787930024,
          "fewshot": 0.8266182182804188,
          "delta_batch_minus_fewshot": 0.0784353605125836
        }
      },
      "sample_common_ids": [
        "line_100_var_drop_select_column_192",
        "line_100_var_drop_where_condition_32",
        "line_100_var_keep_one_where_condition_80",
        "line_101_var_drop_where_condition_156",
        "line_102_var_drop_select_column_32",
        "line_102_var_keep_two_select_columns_163",
        "line_103_var_drop_select_column_204",
        "line_103_var_drop_select_column_64",
        "line_103_var_keep_one_where_condition_63",
        "line_103_var_keep_two_select_columns_161"
      ]
    },
    {
      "batch": "batch_3.eval",
      "question_set_source": "pred_nonempty",
      "counts": {
        "batch_scope_ids_raw": 500,
        "batch_scope_ids": 500,
        "common_ids": 500,
        "missing_in_fewshot": 0,
        "deduped_scope_ids": 0
      },
      "exact_head_to_head": {
        "both_true": 87,
        "batch_only_true": 96,
        "fewshot_only_true": 38,
        "both_false": 279
      },
      "metrics": {
        "exact_exec_match": {
          "batch": 0.366,
          "fewshot": 0.25,
          "delta_batch_minus_fewshot": 0.11599999999999999
        },
        "pred_exec_ok": {
          "batch": 1.0,
          "fewshot": 0.998,
          "delta_batch_minus_fewshot": 0.0020000000000000018
        },
        "sql_ast_similarity": {
          "batch": 0.8449940180043625,
          "fewshot": 0.7220050886901256,
          "delta_batch_minus_fewshot": 0.12298892931423688
        },
        "precision": {
          "batch": 0.5705945435737102,
          "fewshot": 0.46344310986852655,
          "delta_batch_minus_fewshot": 0.10715143370518365
        },
        "recall": {
          "batch": 0.5124599027385357,
          "fewshot": 0.4288026379210011,
          "delta_batch_minus_fewshot": 0.0836572648175346
        },
        "f1": {
          "batch": 0.510651194996051,
          "fewshot": 0.41908589391295364,
          "delta_batch_minus_fewshot": 0.0915653010830974
        },
        "row_jaccard": {
          "batch": 0.4788116637859558,
          "fewshot": 0.3763259215185137,
          "delta_batch_minus_fewshot": 0.10248574226744211
        },
        "column_alignment_score": {
          "batch": 0.8142525177194707,
          "fewshot": 0.7313938729191924,
          "delta_batch_minus_fewshot": 0.08285864480027827
        },
        "chrf": {
          "batch": 91.30546504567481,
          "fewshot": 80.50744646908265,
          "delta_batch_minus_fewshot": 10.798018576592156
        },
        "rouge_l_f1": {
          "batch": 0.9221287407575746,
          "fewshot": 0.8050853352554196,
          "delta_batch_minus_fewshot": 0.11704340550215497
        }
      },