{
  "baseline_eval": "/mnt/data1/srchowd3/MAYO_AIM2/results/eval_baselines_v3/20260226_062742/eval_gemma27b_cot.json",
  "batch_evals": [
    "/mnt/data1/srchowd3/MAYO_AIM2/method/batch/batch_1/batch_1.eval.json",
    "/mnt/data1/srchowd3/MAYO_AIM2/method/batch/batch_2/batch_2.eval.json",
    "/mnt/data1/srchowd3/MAYO_AIM2/method/batch/batch_3/batch_3.eval.json"
  ],
  "id_source": "pred_nonempty",
  "results": [
    {
      "batch": "batch_1.eval",
      "question_set_source": "pred_nonempty",
      "counts": {
        "batch_scope_ids_raw": 500,
        "batch_scope_ids": 500,
        "common_ids": 500,
        "missing_in_fewshot": 0,
        "deduped_scope_ids": 0
      },
      "exact_head_to_head": {
        "both_true": 34,
        "batch_only_true": 180,
        "fewshot_only_true": 24,
        "both_false": 262
      },
      "metrics": {
        "exact_exec_match": {
          "batch": 0.428,
          "fewshot": 0.116,
          "delta_batch_minus_fewshot": 0.312
        },
        "pred_exec_ok": {
          "batch": 1.0,
          "fewshot": 0.99,
          "delta_batch_minus_fewshot": 0.010000000000000009
        },
        "sql_ast_similarity": {
          "batch": 0.903905314344619,
          "fewshot": 0.8544101718592075,
          "delta_batch_minus_fewshot": 0.049495142485411425
        },
        "precision": {
          "batch": 0.5303023221957781,
          "fewshot": 0.4081728378449423,
          "delta_batch_minus_fewshot": 0.12212948435083582
        },
        "recall": {
          "batch": 0.5567122863247863,
          "fewshot": 0.4359456718546004,
          "delta_batch_minus_fewshot": 0.12076661447018588
        },
        "f1": {
          "batch": 0.533145208591007,
          "fewshot": 0.40188909281237,
          "delta_batch_minus_fewshot": 0.131256115778637
        },
        "row_jaccard": {
          "batch": 0.5143705021095465,
          "fewshot": 0.34445281657243004,
          "delta_batch_minus_fewshot": 0.16991768553711645
        },
        "column_alignment_score": {
          "batch": 0.8383401676332926,
          "fewshot": 0.722253697954823,
          "delta_batch_minus_fewshot": 0.11608646967846958
        },
        "chrf": {
          "batch": 94.8249467088503,
          "fewshot": 78.0430624984755,
          "delta_batch_minus_fewshot": 16.7818842103748
        },
        "rouge_l_f1": {
          "batch": 0.9394695103728521,
          "fewshot": 0.7996434659842652,
          "delta_batch_minus_fewshot": 0.13982604438858692
        }
      },
      "sample_common_ids": [
        "line_1",
        "line_2",
        "line_3",
        "line_4",
        "line_5",
        "line_6",
        "line_7",
        "line_8",
        "line_9",
        "line_10"
      ]
    },
    {
      "batch": "batch_2.eval",
      "question_set_source": "pred_nonempty",
      "counts": {
        "batch_scope_ids_raw": 500,
        "batch_scope_ids": 500,
        "common_ids": 500,
        "missing_in_fewshot": 0,
        "deduped_scope_ids": 0
      },
      "exact_head_to_head": {
        "both_true": 28,
        "batch_only_true": 94,
        "fewshot_only_true": 42,
        "both_false": 336
      },
      "metrics": {
        "exact_exec_match": {
          "batch": 0.244,
          "fewshot": 0.14,
          "delta_batch_minus_fewshot": 0.10399999999999998
        },
        "pred_exec_ok": {
          "batch": 1.0,
          "fewshot": 0.988,
          "delta_batch_minus_fewshot": 0.01200000000000001
        },
        "sql_ast_similarity": {
          "batch": 0.8424229927296307,
          "fewshot": 0.8038776729709405,
          "delta_batch_minus_fewshot": 0.038545319758690244
        },
        "precision": {
          "batch": 0.4040541766283378,
          "fewshot": 0.36854123192545324,
          "delta_batch_minus_fewshot": 0.035512944702884575
        },
        "recall": {
          "batch": 0.37487549439953466,
          "fewshot": 0.33725643517833315,
          "delta_batch_minus_fewshot": 0.03761905922120151
        },
        "f1": {
          "batch": 0.3689052184424939,
          "fewshot": 0.31600682831840365,
          "delta_batch_minus_fewshot": 0.052898390124090255
        },
        "row_jaccard": {
          "batch": 0.3429618190820164,
          "fewshot": 0.2723492769881128,
          "delta_batch_minus_fewshot": 0.07061254209390361
        },
        "column_alignment_score": {
          "batch": 0.7738559527189216,
          "fewshot": 0.6899366130856011,
          "delta_batch_minus_fewshot": 0.08391933963332054
        },
        "chrf": {
          "batch": 90.47015655859981,
          "fewshot": 78.15344083202737,
          "delta_batch_minus_fewshot": 12.31671572657244
        },
        "rouge_l_f1": {
          "batch": 0.9011051596568145,
          "fewshot": 0.7976821981327088,
          "delta_batch_minus_fewshot": 0.10342296152410568
        }
      },
      "sample_common_ids": [
        "line_100_var_drop_select_column_192",
        "line_100_var_drop_where_condition_32",
        "line_100_var_keep_one_where_condition_80",
        "line_101_var_drop_where_condition_156",
        "line_102_var_drop_select_column_32",
        "line_102_var_keep_two_select_columns_163",
        "line_103_var_drop_select_column_204",
        "line_103_var_drop_select_column_64",
        "line_103_var_keep_one_where_condition_63",
        "line_103_var_keep_two_select_columns_161"
      ]
    },
    {
      "batch": "batch_3.eval",
      "question_set_source": "pred_nonempty",
      "counts": {
        "batch_scope_ids_raw": 500,
        "batch_scope_ids": 500,
        "common_ids": 500,
        "missing_in_fewshot": 0,
        "deduped_scope_ids": 0
      },
      "exact_head_to_head": {
        "both_true": 49,
        "batch_only_true": 104,
        "fewshot_only_true": 23,
        "both_false": 324
      },
      "metrics": {
        "exact_exec_match": {
          "batch": 0.306,
          "fewshot": 0.144,
          "delta_batch_minus_fewshot": 0.162
        },
        "pred_exec_ok": {
          "batch": 1.0,
          "fewshot": 0.99,
          "delta_batch_minus_fewshot": 0.010000000000000009
        },
        "sql_ast_similarity": {
          "batch": 0.8400549710484819,
          "fewshot": 0.8047356417211226,
          "delta_batch_minus_fewshot": 0.03531932932735937
        },
        "precision": {
          "batch": 0.48915972910713107,
          "fewshot": 0.3663302507980294,
          "delta_batch_minus_fewshot": 0.12282947830910168
        },
        "recall": {
          "batch": 0.4341645612109767,
          "fewshot": 0.3581816901867361,
          "delta_batch_minus_fewshot": 0.07598287102424056
        },
        "f1": {
          "batch": 0.43240878400489074,
          "fewshot": 0.3287755700880242,
          "delta_batch_minus_fewshot": 0.10363321391686653
        },
        "row_jaccard": {
          "batch": 0.4061315042798422,
          "fewshot": 0.28318883594818384,
          "delta_batch_minus_fewshot": 0.12294266833165834
        },
        "column_alignment_score": {
          "batch": 0.7973009657532153,
          "fewshot": 0.6957169997195863,
          "delta_batch_minus_fewshot": 0.10158396603362896
        },
        "chrf": {
          "batch": 92.03379100729217,
          "fewshot": 77.47052494472163,
          "delta_batch_minus_fewshot": 14.563266062570534
        },
        "rouge_l_f1": {
          "batch": 0.9251490569978164,
          "fewshot": 0.7826794767642956,
          "delta_batch_minus_fewshot": 0.14246958023352074
        }
      },