{
  "baseline_eval": "/mnt/data1/srchowd3/MAYO_AIM2/results/eval_baselines_v3/20260226_062742/eval_gemma27b_zero_shot.json",
  "batch_evals": [
    "/mnt/data1/srchowd3/MAYO_AIM2/method/batch/batch_1/batch_1.eval.json",
    "/mnt/data1/srchowd3/MAYO_AIM2/method/batch/batch_2/batch_2.eval.json",
    "/mnt/data1/srchowd3/MAYO_AIM2/method/batch/batch_3/batch_3.eval.json"
  ],
  "id_source": "pred_nonempty",
  "results": [
    {
      "batch": "batch_1.eval",
      "question_set_source": "pred_nonempty",
      "counts": {
        "batch_scope_ids_raw": 500,
        "batch_scope_ids": 500,
        "common_ids": 500,
        "missing_in_fewshot": 0,
        "deduped_scope_ids": 0
      },
      "exact_head_to_head": {
        "both_true": 82,
        "batch_only_true": 132,
        "fewshot_only_true": 97,
        "both_false": 189
      },
      "metrics": {
        "exact_exec_match": {
          "batch": 0.428,
          "fewshot": 0.358,
          "delta_batch_minus_fewshot": 0.07
        },
        "pred_exec_ok": {
          "batch": 1.0,
          "fewshot": 1.0,
          "delta_batch_minus_fewshot": 0.0
        },
        "sql_ast_similarity": {
          "batch": 0.903905314344619,
          "fewshot": 0.5685654886349975,
          "delta_batch_minus_fewshot": 0.3353398257096215
        },
        "precision": {
          "batch": 0.5303023221957781,
          "fewshot": 0.4827581800840224,
          "delta_batch_minus_fewshot": 0.04754414211175573
        },
        "recall": {
          "batch": 0.5567122863247863,
          "fewshot": 0.5064845689033189,
          "delta_batch_minus_fewshot": 0.050227717421467366
        },
        "f1": {
          "batch": 0.533145208591007,
          "fewshot": 0.47591746690391185,
          "delta_batch_minus_fewshot": 0.05722774168709516
        },
        "row_jaccard": {
          "batch": 0.5143705021095465,
          "fewshot": 0.43897574589169136,
          "delta_batch_minus_fewshot": 0.07539475621785513
        },
        "column_alignment_score": {
          "batch": 0.8383401676332926,
          "fewshot": 0.8072571893322669,
          "delta_batch_minus_fewshot": 0.031082978301025688
        },
        "chrf": {
          "batch": 94.8249467088503,
          "fewshot": 86.93921484660333,
          "delta_batch_minus_fewshot": 7.8857318622469705
        },
        "rouge_l_f1": {
          "batch": 0.9394695103728521,
          "fewshot": 0.8240418822705812,
          "delta_batch_minus_fewshot": 0.11542762810227092
        }
      },
      "sample_common_ids": [
        "line_1",
        "line_2",
        "line_3",
        "line_4",
        "line_5",
        "line_6",
        "line_7",
        "line_8",
        "line_9",
        "line_10"
      ]
    },
    {
      "batch": "batch_2.eval",
      "question_set_source": "pred_nonempty",
      "counts": {
        "batch_scope_ids_raw": 500,
        "batch_scope_ids": 500,
        "common_ids": 500,
        "missing_in_fewshot": 0,
        "deduped_scope_ids": 0
      },
      "exact_head_to_head": {
        "both_true": 51,
        "batch_only_true": 71,
        "fewshot_only_true": 74,
        "both_false": 304
      },
      "metrics": {
        "exact_exec_match": {
          "batch": 0.244,
          "fewshot": 0.25,
          "delta_batch_minus_fewshot": -0.006000000000000005
        },
        "pred_exec_ok": {
          "batch": 1.0,
          "fewshot": 1.0,
          "delta_batch_minus_fewshot": 0.0
        },
        "sql_ast_similarity": {
          "batch": 0.8424229927296307,
          "fewshot": 0.5959703696478144,
          "delta_batch_minus_fewshot": 0.24645262308181637
        },
        "precision": {
          "batch": 0.4040541766283378,
          "fewshot": 0.4011870153920154,
          "delta_batch_minus_fewshot": 0.002867161236322413
        },
        "recall": {
          "batch": 0.37487549439953466,
          "fewshot": 0.34934729265951303,
          "delta_batch_minus_fewshot": 0.025528201740021628
        },
        "f1": {
          "batch": 0.3689052184424939,
          "fewshot": 0.3451975880807199,
          "delta_batch_minus_fewshot": 0.023707630361774035
        },
        "row_jaccard": {
          "batch": 0.3429618190820164,
          "fewshot": 0.31643979525044175,
          "delta_batch_minus_fewshot": 0.026522023831574648
        },
        "column_alignment_score": {
          "batch": 0.7738559527189216,
          "fewshot": 0.7396950582813393,
          "delta_batch_minus_fewshot": 0.0341608944375823
        },
        "chrf": {
          "batch": 90.47015655859981,
          "fewshot": 82.45397369393079,
          "delta_batch_minus_fewshot": 8.01618286466902
        },
        "rouge_l_f1": {
          "batch": 0.9011051596568145,
          "fewshot": 0.8041036451760865,
          "delta_batch_minus_fewshot": 0.09700151448072802
        }
      },
      "sample_common_ids": [
        "line_100_var_drop_select_column_192",
        "line_100_var_drop_where_condition_32",
        "line_100_var_keep_one_where_condition_80",
        "line_101_var_drop_where_condition_156",
        "line_102_var_drop_select_column_32",
        "line_102_var_keep_two_select_columns_163",
        "line_103_var_drop_select_column_204",
        "line_103_var_drop_select_column_64",
        "line_103_var_keep_one_where_condition_63",
        "line_103_var_keep_two_select_columns_161"
      ]
    },
    {
      "batch": "batch_3.eval",
      "question_set_source": "pred_nonempty",
      "counts": {
        "batch_scope_ids_raw": 500,
        "batch_scope_ids": 500,
        "common_ids": 500,
        "missing_in_fewshot": 0,
        "deduped_scope_ids": 0
      },
      "exact_head_to_head": {
        "both_true": 80,
        "batch_only_true": 73,
        "fewshot_only_true": 58,
        "both_false": 289
      },
      "metrics": {
        "exact_exec_match": {
          "batch": 0.306,
          "fewshot": 0.276,
          "delta_batch_minus_fewshot": 0.02999999999999997
        },
        "pred_exec_ok": {
          "batch": 1.0,
          "fewshot": 0.998,
          "delta_batch_minus_fewshot": 0.0020000000000000018
        },
        "sql_ast_similarity": {
          "batch": 0.8400549710484819,
          "fewshot": 0.6179970859040599,
          "delta_batch_minus_fewshot": 0.22205788514442204
        },
        "precision": {
          "batch": 0.48915972910713107,
          "fewshot": 0.43152115117090606,
          "delta_batch_minus_fewshot": 0.05763857793622501
        },
        "recall": {
          "batch": 0.4341645612109767,
          "fewshot": 0.3883714473207381,
          "delta_batch_minus_fewshot": 0.0457931138902386
        },
        "f1": {
          "batch": 0.43240878400489074,
          "fewshot": 0.3775387854677113,
          "delta_batch_minus_fewshot": 0.05486999853717944
        },
        "row_jaccard": {
          "batch": 0.4061315042798422,
          "fewshot": 0.3483060935162841,
          "delta_batch_minus_fewshot": 0.05782541076355807
        },
        "column_alignment_score": {
          "batch": 0.7973009657532153,
          "fewshot": 0.7275962531720185,
          "delta_batch_minus_fewshot": 0.06970471258119681
        },
        "chrf": {
          "batch": 92.03379100729217,
          "fewshot": 82.40710478857707,
          "delta_batch_minus_fewshot": 9.626686218715093
        },
        "rouge_l_f1": {
          "batch": 0.9251490569978164,
          "fewshot": 0.7866046432892019,
          "delta_batch_minus_fewshot": 0.13854441370861448
        }
      },