{
  "baseline_evals": [
    "/mnt/data1/srchowd3/MAYO_AIM2/results/eval_baselines_v3/20260226_062742/eval_gemma27b_cot.json",
    "/mnt/data1/srchowd3/MAYO_AIM2/results/eval_baselines_v3/20260226_062742/eval_gemma27b_few_shot.json",
    "/mnt/data1/srchowd3/MAYO_AIM2/results/eval_baselines_v3/20260226_062742/eval_gemma27b_zero_shot.json"
  ],
  "batch_evals": [
    "/mnt/data1/srchowd3/MAYO_AIM2/method/batch/batch_1/batch_1.eval.json",
    "/mnt/data1/srchowd3/MAYO_AIM2/method/batch/batch_2/batch_2.eval.json",
    "/mnt/data1/srchowd3/MAYO_AIM2/method/batch/batch_3/batch_3.eval.json"
  ],
  "id_source": "pred_nonempty",
  "summary_rows": [
    {
      "baseline": "eval_gemma27b_cot",
      "common_ids": 1500,
      "exact_exec_match_batch": 0.326,
      "exact_exec_match_baseline": 0.13333333333333333,
      "exact_exec_match_delta": 0.19266666666666668,
      "f1_batch": 0.44481973701279715,
      "f1_baseline": 0.3488904970729326,
      "f1_delta": 0.09592923993986452,
      "sql_ast_similarity_delta": 0.04110838729209565
    },
    {
      "baseline": "eval_gemma27b_few_shot",
      "common_ids": 1500,
      "exact_exec_match_batch": 0.326,
      "exact_exec_match_baseline": 0.30733333333333335,
      "exact_exec_match_delta": 0.018666666666666665,
      "f1_batch": 0.44481973701279715,
      "f1_baseline": 0.45727428480733323,
      "f1_delta": -0.012454547794536086,
      "sql_ast_similarity_delta": 0.007760003618418776
    },
    {
      "baseline": "eval_gemma27b_zero_shot",
      "common_ids": 1500,
      "exact_exec_match_batch": 0.326,
      "exact_exec_match_baseline": 0.2946666666666667,
      "exact_exec_match_delta": 0.031333333333333324,
      "f1_batch": 0.44481973701279715,
      "f1_baseline": 0.399551280150781,
      "f1_delta": 0.04526845686201614,
      "sql_ast_similarity_delta": 0.2679660015306602
    }
  ]
}